<?xml version="1.0" encoding="UTF-8"?>
<project-private xmlns="http://www.netbeans.org/ns/project-private/1">
    <editor-bookmarks xmlns="http://www.netbeans.org/ns/editor-bookmarks/2" lastBookmarkId="0"/>
    <open-files xmlns="http://www.netbeans.org/ns/projectui-open-files/2">
        <group>
            <file>file:/C:/Users/ASUS/Documents/NetBeansProjects/compuShop/src/edu/jdc/formularios/FrmPrincipal.java</file>
            <file>file:/C:/Users/ASUS/Documents/NetBeansProjects/compuShop/src/edu/jdc/interfaces/Funcionalidad.java</file>
            <file>file:/C:/Users/ASUS/Documents/NetBeansProjects/compuShop/src/edu/jdc/configuraciones/Conexion.java</file>
            <file>file:/C:/Users/ASUS/Documents/NetBeansProjects/compuShop/baseDatos/01_DB.sql</file>
            <file>file:/C:/Users/ASUS/Documents/NetBeansProjects/compuShop/src/edu/jdc/formularios/FrmListar.java</file>
            <file>file:/C:/Users/ASUS/Documents/NetBeansProjects/compuShop/src/edu/jdc/daos/computadorDao.java</file>
            <file>file:/C:/Users/ASUS/Documents/NetBeansProjects/compuShop/src/edu/jdc/formularios/FrmCrear.java</file>
        </group>
    </open-files>
</project-private>
