<?xml version="1.0" encoding="UTF-8"?>
<project-private xmlns="http://www.netbeans.org/ns/project-private/1">
    <editor-bookmarks xmlns="http://www.netbeans.org/ns/editor-bookmarks/2" lastBookmarkId="0"/>
    <open-files xmlns="http://www.netbeans.org/ns/projectui-open-files/2">
        <group>
            <file>file:/C:/Users/ASUS/Documents/NetBeansProjects/JavaApplication13/src/edu/jdc/modelo/juegoModel.java</file>
            <file>file:/C:/Users/ASUS/Documents/NetBeansProjects/JavaApplication13/src/edu/jdc/modelo/Nodo.java</file>
            <file>file:/C:/Users/ASUS/Documents/NetBeansProjects/JavaApplication13/src/edu/jdc/runner/Run.java</file>
            <file>file:/C:/Users/ASUS/Documents/NetBeansProjects/JavaApplication13/src/edu/jdc/control/Control.java</file>
            <file>file:/C:/Users/ASUS/Documents/NetBeansProjects/JavaApplication13/src/edu/jdc/view/View.java</file>
        </group>
    </open-files>
</project-private>
