<?xml version="1.0" encoding="UTF-8"?>
<project-private xmlns="http://www.netbeans.org/ns/project-private/1">
    <editor-bookmarks xmlns="http://www.netbeans.org/ns/editor-bookmarks/2" lastBookmarkId="0"/>
    <open-files xmlns="http://www.netbeans.org/ns/projectui-open-files/2">
        <group>
            <file>file:/C:/Users/ASUS/Documents/NetBeansProjects/Estudiantes_3/src/com/mycompany/mvc/controlador/ControladorEstudiantes.java</file>
            <file>file:/C:/Users/ASUS/Documents/NetBeansProjects/Estudiantes_3/src/com/mycompany/mvc/modelo/Estudiante.java</file>
            <file>file:/C:/Users/ASUS/Documents/NetBeansProjects/Estudiantes_3/src/com/mycompany/mvc/vista/VistaEstudiante.java</file>
            <file>file:/C:/Users/ASUS/Documents/NetBeansProjects/Estudiantes_3/src/com/mycompany/mvc/runner/Runner.java</file>
        </group>
    </open-files>
</project-private>
